Duration (in seconds),ConsentQuestion,PCSEItem_01M,PCSEItem_02,PCSEItem_03M,PCSEItem_05,PCSEItem_07,PCSEItem_08,PCSEItem_09,PCSEItem_10,PCSEItem_11M,PCSEItem_12,AttentionCheck,PCSEItem_15,PCSEItem_16,PCSEItem_17,PCSEItem_19M,PCSEItem_20,PCSEItem_21,PCSEItem_22,PCSEItem_23,PCSEItem_24,PCSEItem_25,PCSEItem_26,PCSEItem_27,PCSEItem_28M,ItemFeedback,UpToDate,Impact,Optimism_1,Optimism_2,Optimism_3,Optimism_4,Optimism_5,Optimism_6,Conscientiousness_1,Conscientiousness_2,Conscientiousness_3,Conscientiousness_4,Conscientiousness_5,Conscientiousness_6,EthnicityRace,Gender,PoliticalAffiliation,Age,Education,Residency,Vote
207,1,2,4,2,2,4,4,2,1,4,2,1,4,5,1,4,2,4,2,2,1,4,2,4,4,,5,2,2,2,3,2,2,4,4,1,4,3,4,2,Asian,Woman,liberal,1,3,4,1
363,1,2,4,2,4,4,2,4,2,5,2,1,4,4,2,4,1,5,4,2,4,4,4,4,4,,4,4,1,3,2,3,3,3,3,2,2,3,2,3,Asian (Indian-American),Genderqueer,Democrat,1,3,4,1
401,1,2,4,2,2,4,4,2,4,4,5,1,4,4,4,4,2,4,4,4,2,1,2,3,1,all of these feel like really complex and nuanced issues that come down to much more than agree/disagree but i understand why you chose that framework for this survey‚Ä¶ it just made some of the questions hard to answer.,5,4,1,4,2,3,3,2,3,2,3,3,3,2,white,woman,liberal,1,3,4,2
220,1,4,2,4,5,4,2,4,2,4,3,1,2,4,5,5,4,2,4,4,5,3,4,2,1,,4,3,2,2,3,2,2,3,2,3,3,2,3,2,White,Male,Democrat,3,5,7,1
701,1,3,2,4,5,4,3,3,1,5,4,3,3,2,4,4,3,4,3,4,4,2,3,2,4,There was w question with instructions to respond with a specific answer. I wondered about its objective: compliance or defiance. I chose defiance ,5,4,4,1,3,1,1,4,3,1,4,1,4,1,White/Caucasian ,Female ,Democrat ,3,5,7,1
706,1,4,2,4,5,4,2,4,1,5,4,1,2,3,4,4,2,3,2,3,5,2,5,4,2,,4,2,2,2,3,2,2,3,3,2,3,3,3,2,White,Male,Democrat,1,4,7,1
233,1,4,5,4,4,4,4,2,2,3,5,1,4,4,3,4,3,4,2,3,4,2,4,4,4,,4,4,2,2,3,2,2,3,4,1,3,2,4,2,white,woman,left,1,3,4,1
291,1,2,2,3,4,5,4,4,2,5,4,1,3,5,4,3,2,5,2,2,2,2,3,5,2,,4,3,2,2,3,1,1,4,1,2,3,3,3,2,White,Transman,Leftist,1,4,7,1
201,1,2,4,4,4,5,1,4,1,4,4,1,3,4,4,4,2,4,4,2,2,2,4,3,2,,4,3,2,1,3,1,1,3,3,2,3,2,4,1,white ,female,liberal,1,3,7,1
418,1,2,3,4,5,4,4,4,2,5,4,1,4,4,2,4,3,5,4,2,2,2,2,4,4,,5,3,2,2,3,2,2,3,3,2,4,3,3,2,white,female,democrat,1,3,7,1
212,1,3,3,4,4,5,4,4,2,4,3,1,3,5,5,4,2,4,3,2,3,2,4,3,3,,5,3,2,2,2,3,3,3,2,3,3,3,2,3,Asian ,Woman ,Left ,1,3,4,4
322,1,4,3,4,5,5,3,4,1,5,3,1,3,5,4,5,4,5,3,5,2,3,3,2,4,"people can work together to make change and that is important. but Washington is a hard sector to make actual change happen, hence the few progressive policies that we have ",5,4,2,4,2,3,3,2,2,3,4,3,4,2,White,Female,Democrat/Progressive,1,4,7,1
275,1,3,3,3,5,3,5,3,2,3,3,1,5,5,2,3,1,5,5,2,1,2,5,5,1,,4,4,1,4,2,3,4,1,2,3,3,3,3,2,White American,Trans man,Leftist,1,3,4,1
209,1,2,4,3,4,4,4,3,2,4,4,1,4,4,4,4,3,5,4,2,4,4,3,4,2,,4,3,2,3,3,3,2,3,3,3,3,3,3,3,Asian,Female,Liberal,1,3,5,1
282,1,1,4,2,3,4,5,4,2,4,3,1,4,3,1,2,2,4,2,5,4,3,3,4,3,,4,3,3,2,3,2,2,3,3,3,2,3,2,3,Asian (Korean),Male,Democratic,1,3,7,1
314,1,2,3,2,2,4,4,4,3,4,3,1,3,2,4,2,2,5,3,4,2,3,5,4,2,,4,3,3,2,2,2,2,3,4,1,3,3,4,1,White,Male,,1,4,7,1
548,1,2,3,4,3,4,4,4,2,4,4,1,4,5,2,4,1,4,4,4,3,2,1,2,2,,5,4,1,2,2,3,3,2,2,3,3,2,2,2,Wasian,boy,left,1,3,4,1
193,1,4,4,2,4,2,4,3,3,4,4,1,4,4,4,4,2,4,4,4,3,2,4,4,2,,4,3,1,2,3,2,2,2,4,2,3,2,3,2,White,Female,Democrat,2,4,7,1
6146,1,2,4,3,4,4,4,4,2,4,3,3,3,4,4,4,2,4,3,5,2,2,4,3,3,,5,2,2,3,2,3,4,2,4,1,4,2,4,1,White,Female,Democrat with progressive views,1,3,7,1
342,1,3,3,4,4,4,3,3,2,4,3,1,3,4,4,2,3,4,2,3,4,2,3,2,2,,,4,2,2,3,2,2,3,1,1,3,2,3,2,White,Female,Democrat ,3,4,7,1
182,1,2,4,2,2,4,4,4,3,4,4,1,4,4,4,2,2,4,4,4,2,2,4,4,2,,3,4,2,2,2,2,2,3,4,1,4,2,3,2,South Asian/white,Female,Liberal,1,4,4,1
406,1,3,2,4,4,4,4,4,2,5,2,1,4,5,4,4,1,3,2,3,4,2,3,3,2,,4,4,2,3,2,3,3,3,3,2,2,2,4,3,White,Cis female ,Democrat ,1,3,4,1
424,1,2,4,4,2,5,2,4,4,5,4,1,3,4,5,3,2,4,2,1,1,2,1,2,2,,4,4,3,2,3,2,1,3,4,1,2,2,4,2,white,cis woman,democrat,1,3,4,2
223,1,4,2,4,4,4,3,4,2,4,4,1,3,4,4,4,3,4,3,3,4,2,3,2,3,,5,4,3,2,3,2,2,3,4,1,3,2,4,2,"white, not hispanic",female,democrat,1,3,4,1
3398,1,3,4,3,4,4,4,3,2,4,2,1,4,5,2,4,2,4,4,4,4,4,3,4,1,,4,3,2,2,3,2,2,2,1,2,3,3,2,3,white,female,,1,3,4,1
679,1,4,4,3,3,2,5,4,2,4,2,1,4,4,2,4,4,4,4,4,4,2,4,3,1,,4,3,1,3,1,3,3,3,2,3,3,3,3,4,White,Cis woman,Left ig,1,3,4,1
528,1,4,2,4,4,4,3,4,2,4,4,1,4,3,4,4,3,4,4,4,4,3,3,3,1,,3,2,3,2,3,2,2,3,3,2,2,3,3,3,White,Female ,Independent ,3,5,7,1
313,1,5,2,4,5,5,2,4,1,4,4,1,1,4,4,4,4,2,3,4,4,2,4,3,4,,5,4,3,2,3,2,2,4,2,3,3,2,3,3,White,Male,Republican,3,5,7,1
312,1,3,4,3,4,4,4,3,2,4,2,1,3,4,4,4,2,4,4,3,4,4,3,2,2,,4,4,2,3,2,3,3,2,2,3,2,4,3,3,White American ,Woman,,1,3,4,1
539,1,4,,2,2,4,4,3,4,5,2,1,4,1,4,4,3,4,3,4,2,4,5,4,3,,4,2,2,1,3,2,3,3,1,4,4,3,3,2,Asian/Indian,Male,Democratic/Libertarian,1,3,4,1
333,1,2,4,2,4,4,4,3,2,4,2,1,4,5,3,4,1,4,4,1,4,3,3,3,3,,5,4,2,2,2,2,2,2,2,2,3,3,3,3,white,female,"liberal, don‚Äôt like to identify with a party",1,3,4,2
179,1,2,4,2,4,4,5,2,2,4,5,1,2,5,2,1,1,4,2,4,1,1,4,1,1,,5,4,2,1,2,2,1,4,4,1,3,2,4,3,White,Non binary,Leftist,1,7,4,2
570,1,2,2,2,5,4,3,4,2,5,4,1,2,3,3,5,2,4,3,4,4,2,5,4,1,I‚Äôm a member of the class ‚Äî I‚Äôm very curious how the reverse keyed items compare to their positively worded counterparts. I could feel myself responding to them differently. ,4,3,2,3,1,2,2,2,1,3,4,2,3,3,White,Female,Democrat,1,3,4,1
346,1,2,1,5,4,5,4,4,2,4,4,5,4,5,2,5,2,4,2,2,3,2,3,4,3,,4,3,2,3,4,2,3,3,4,2,4,4,4,2,White,Non-binary,,1,3,4,1
531,1,3,4,4,5,5,4,5,1,4,2,1,4,5,5,5,1,4,5,1,5,3,3,4,3,,5,4,1,3,2,2,4,2,2,4,1,4,3,3,White,Female,Democrat,1,3,4,1
342,1,2,3,3,4,4,5,4,3,3,4,1,4,4,3,4,3,5,3,2,3,2,5,4,2,,4,3,2,2,2,3,3,3,2,3,3,3,2,3,mixed (white/asian),transmasc,,1,3,4,2
356,1,4,4,4,4,4,4,2,2,4,4,1,4,4,2,4,2,4,4,4,4,2,3,3,4,,4,4,2,2,2,2,2,3,3,2,3,3,3,2,,,,1,3,4,1
283,1,2,4,2,1,2,4,3,4,3,4,1,4,4,4,3,1,5,3,3,3,2,3,4,3,,4,4,2,2,2,3,3,3,2,3,2,3,2,3,White,Non-binary,,1,3,4,1
276,1,2,4,2,1,4,5,3,4,3,2,1,4,5,4,3,1,5,4,5,3,4,5,4,1,,3,3,3,2,2,3,3,3,4,1,2,3,3,2,white,woman,,1,3,4,1
444,1,4,3,4,4,4,3,5,2,5,4,1,4,3,4,4,2,4,2,3,4,2,2,2,3,,4,4,2,2,3,2,1,3,2,2,4,1,4,2,white,female,democrat,1,3,4,1
257,1,4,2,4,4,4,4,4,2,4,3,1,3,5,2,4,2,4,2,3,4,2,2,2,1,,5,3,3,1,3,1,1,4,4,1,4,1,4,1,white,cis woman,leftist/liberal,2,5,5,1
556,1,4,5,4,4,4,5,2,2,4,2,1,4,2,4,4,2,4,4,2,3,4,4,4,2,"So hard to do this survey.  I WANT to believe that my boycotts, letter writing campaigns etc. can make a difference.  Then there is the scandal du jour which shows that everything is ‚Äúfixed‚Äù by people with money, and I feel like a foolish pawn.",5,4,1,2,1,2,2,3,4,1,4,2,4,2,Ashkenazi jewish,Female,Democrat,4,5,7,1
592,1,1,3,2,1,4,4,4,3,4,3,1,5,5,1,3,1,5,3,4,3,2,3,3,1,,4,3,2,2,3,2,3,3,3,2,3,2,3,2,white,male,democratic,2,4,5,1
280,1,5,4,5,4,5,4,5,2,4,4,1,4,5,5,5,1,5,4,2,5,4,3,4,1,,4,4,3,2,4,1,1,4,3,2,3,4,3,4,"White, Jewish",Male,"Liberal, Moderate",1,3,7,1
536,1,4,4,3,5,4,5,2,2,3,4,1,4,4,5,4,1,3,4,4,3,2,3,3,1,,5,3,1,3,2,3,3,2,2,2,4,3,4,2,white,gender-fluid,liberal,1,3,4,2
214,1,2,4,4,5,4,3,1,2,4,3,1,4,3,4,4,2,3,4,4,4,1,4,4,4,,4,4,3,3,3,2,2,3,3,4,3,4,2,4,Black and Asian,Genderqueer,N/A,1,7,4,4
357,1,3,4,3,3,4,3,3,3,4,4,1,4,5,5,5,3,5,3,3,4,3,5,4,3,,3,2,2,3,3,3,3,3,2,3,4,3,4,2,,,,1,7,4,5
260,1,3,1,5,4,5,4,4,2,5,4,1,2,3,2,4,3,4,3,1,1,2,2,1,2,,5,4,2,2,2,1,1,3,1,3,4,4,3,2,"White, not Hispanic ",Woman ,Democrat ,1,3,4,1
209,1,1,4,4,5,4,4,4,1,5,1,1,4,4,2,4,1,5,2,4,3,4,4,4,2,,3,4,1,3,1,2,3,3,4,1,3,1,4,1,White,Woman,,1,4,4,1
343,1,2,4,2,4,4,3,2,2,4,2,1,4,2,4,4,2,4,4,4,4,2,4,4,3,,3,2,3,3,3,2,2,3,3,2,3,2,3,3,Asian,Male,None,1,3,4,4
8560,1,4,2,3,4,4,4,4,3,5,3,1,3,3,4,4,3,3,3,4,3,2,4,4,3,,3,3,2,2,2,2,2,2,2,3,2,3,2,3,African-American/mixed,Genderqueer/non-binary,Democrat,1,3,4,1
323,1,4,5,2,4,4,5,2,2,3,2,1,2,4,4,4,2,5,4,1,2,3,4,2,2,,5,3,2,1,2,2,3,3,3,3,3,4,2,3,White,Non-binary,,1,3,4,1
297,1,5,4,4,3,4,4,4,3,4,2,1,4,5,2,3,2,5,5,2,4,3,1,2,4,,4,4,2,3,2,3,2,3,3,3,3,3,3,3,white,gender fluid,leftist,1,3,4,1
256,1,3,2,3,4,4,3,4,2,4,3,1,2,4,3,4,2,4,4,4,4,3,2,3,3,,4,4,3,2,2,2,3,2,2,2,2,2,3,3,White,Nonbinary,Leftist,1,3,4,1
343,1,2,2,2,2,2,4,3,4,4,3,1,4,1,2,3,2,4,4,3,2,3,5,4,3,,3,3,2,2,3,2,2,3,3,2,3,2,3,3,Asian,Male,,1,3,4,4
276,1,4,1,4,4,4,2,4,1,5,4,1,2,5,4,5,4,4,3,4,2,2,5,2,2,,4,2,2,2,3,2,2,2,3,2,3,4,4,3,White Ashkenazi,Woman,Democrat,1,3,4,2
224,1,2,4,4,4,4,4,4,2,4,4,1,4,4,3,4,1,5,3,3,4,3,3,2,2,,4,4,3,2,3,2,2,3,4,2,4,1,3,2,white,woman but like genderqueer vibes,"vote democrat, but more left leaning",1,3,4,1
376,1,2,2,2,1,4,5,4,2,4,4,1,4,2,2,2,2,4,3,4,2,2,2,4,4,,4,2,2,2,3,2,2,2,4,4,3,4,4,2,white,female,Leftist,1,3,4,1
473,1,2,4,2,4,4,4,4,2,4,4,,4,4,4,2,2,4,4,2,2,2,2,2,2,,5,4,2,3,2,2,2,3,3,2,3,2,3,2,white,female,,4,5,7,4
390,1,3,1,4,4,5,4,3,2,5,5,1,4,5,4,4,2,4,3,4,4,1,3,5,1,,4,4,2,1,2,2,2,4,2,3,2,4,2,3,Black/Afro-Caribbean ,Woman,Progressive/Liberal ,1,3,4,4
50932,1,4,3,3,4,4,3,4,2,4,3,1,3,4,3,5,3,3,4,3,4,4,3,4,2,,4,2,3,3,2,3,4,2,2,3,3,4,3,3,African American,Male,Moderate,1,3,4,4
494,1,1,3,2,4,2,4,2,2,3,3,1,4,3,4,3,2,5,3,5,5,3,5,5,4,,2,3,1,2,2,3,2,2,3,2,2,3,3,2,Caucasian,Male,None,3,4,7,1
301,1,1,2,3,4,4,4,4,2,5,4,1,5,2,3,4,2,5,1,1,5,2,2,4,2,,5,4,3,1,3,1,1,3,2,3,2,3,4,3,"Ashkenazi Jewish, white",Woman,Democrat/ progressive ,1,3,7,1
493,1,3,1,5,5,4,1,4,3,4,2,1,4,3,4,4,3,4,2,4,2,1,2,4,2,,5,2,1,3,2,2,2,2,3,2,3,2,3,3,Asian,AFAB,Moderate socialist,1,3,4,1
250,1,2,3,2,2,4,4,4,2,4,4,1,3,3,3,4,2,5,4,3,3,3,4,4,3,,3,3,2,3,2,2,2,2,3,3,2,4,2,3,white,all,none ,1,3,7,2
249,1,2,2,4,4,5,5,5,2,5,5,1,4,5,3,5,2,5,5,4,3,2,2,2,2,,5,4,2,3,1,3,2,3,2,3,3,4,4,2,White,trans?? (afab),generally left leaning,1,3,4,2
260,1,2,4,2,4,4,4,2,2,4,4,1,4,4,4,4,2,4,3,2,2,2,4,3,4,,4,3,3,2,3,2,2,3,3,2,3,3,3,3,white,female,democrat,1,3,4,1
13228,1,1,4,2,4,4,5,4,2,4,2,1,5,5,5,4,2,4,4,4,2,4,2,4,1,,4,4,1,3,2,2,2,2,3,2,4,4,2,2,White,Non binary,Liberal ig?,1,3,7,1
199,1,2,4,4,5,4,4,4,1,3,2,1,4,5,4,4,2,4,4,4,3,1,4,2,1,,5,3,2,2,3,3,3,3,4,1,4,3,4,1,,,,1,3,4,2
323,1,4,4,3,2,3,5,2,3,3,3,1,3,2,4,2,3,5,3,3,3,2,4,4,2,,5,2,2,2,1,2,2,2,2,3,2,4,2,3,"white, jewish",female,leftist (?),1,3,4,1
294,1,5,1,5,5,5,1,4,1,5,5,3,1,4,5,5,3,1,1,5,4,1,2,1,5,,5,4,2,2,3,1,1,2,2,3,4,4,3,2,white/jewish,female,"left wing, registered democrat ",1,3,4,1
447,1,4,4,2,2,3,4,3,4,3,2,,4,4,3,3,2,4,4,4,4,4,4,4,2,,5,4,1,3,2,2,3,2,3,2,3,3,3,2,White,Male,Democrat,4,5,7,1
350,1,3,2,2,4,4,5,3,4,5,4,1,4,2,2,4,2,4,2,2,3,3,4,3,1,Most depend on the specific topic or subtopic in the category (ie: economy could be specified to  US budgeting or consumers influencing sustainable fashion) ,4,4,2,3,2,2,2,3,2,3,4,4,4,1,White,Woman,Democratic ,1,3,7,1
349,1,2,4,4,2,4,4,4,4,5,4,1,4,5,4,2,1,5,5,3,3,2,3,2,4,,5,4,1,4,2,3,3,3,3,2,4,3,4,1,White and Middle Eastern,female,socialist ,1,4,4,1
193,1,4,4,4,5,5,3,3,1,5,4,1,4,5,4,5,2,4,4,4,4,2,2,2,4,,5,4,2,3,3,2,3,3,3,4,4,4,4,3,White,Female questioning,Liberal ,1,3,4,1
308,1,3,5,2,3,2,3,3,3,5,4,1,3,3,3,4,3,5,3,3,3,3,5,4,3,,3,3,3,3,4,3,3,3,2,3,2,4,4,3,,,,,,,
223,1,5,4,4,5,5,4,4,1,4,4,1,4,4,5,4,2,4,2,5,4,1,2,1,4,,5,4,3,2,3,2,2,3,3,1,4,1,4,2,Caucasian ,Female,Democratic socialist ,1,4,7,1
1064,1,3,1,4,2,4,3,4,4,4,4,1,3,4,4,4,3,3,1,5,4,1,2,3,2,,5,3,2,1,3,2,2,3,2,2,3,3,4,3,Black,Male,Liberal/Democrat ,1,3,4,5
537,1,2,4,3,5,4,5,4,1,3,4,1,2,4,4,4,2,4,4,3,4,3,3,2,3,,5,4,2,3,2,3,3,3,2,3,2,3,4,2,"Black, Indian, White",Female,Democrat,1,3,4,1
925,1,4,2,4,4,4,4,4,2,4,4,1,4,4,4,3,2,4,4,1,2,2,3,2,2,,4,4,4,2,3,3,2,3,2,3,3,2,3,3,white ,female ,democrat ,1,3,4,1
2038,1,2,2,4,5,3,4,3,2,4,3,1,4,5,3,4,2,4,3,4,2,2,4,4,2,,5,3,2,3,2,2,2,3,3,2,3,3,2,3,latino,female,none,1,3,4,4
748,1,3,4,4,4,4,4,4,2,4,4,5,2,3,4,4,2,4,2,4,4,4,4,4,4,,3,3,3,2,3,3,2,3,2,3,2,4,3,3,Hispanic,Female,democratic ,1,3,7,1
339,1,1,5,3,3,4,4,4,3,4,2,1,4,3,5,4,2,3,4,4,3,2,4,5,2,,4,2,3,3,3,3,4,2,3,2,4,3,3,2,white,female ,,1,3,7,1
361,1,2,5,3,3,5,5,3,3,4,5,1,4,5,4,2,2,5,5,3,4,2,3,3,4,,5,4,1,3,1,3,3,2,4,1,4,2,3,2,Mixed,Female,Left,1,4,4,4
510,1,3,2,4,4,4,5,3,2,4,2,1,3,4,4,3,1,4,2,2,3,2,3,4,2,,4,4,2,2,2,2,2,3,4,1,4,1,4,1,White ,Woman,Democrat,1,3,4,1
393,1,2,4,2,1,2,5,3,4,4,3,1,4,5,2,1,1,2,4,4,3,5,5,4,1,,3,2,1,4,2,4,3,3,4,1,4,2,4,1,Asian,F,Democratic,1,3,7,1
68456,1,2,4,2,3,2,5,4,4,4,2,1,5,4,3,3,2,4,4,1,4,3,3,4,2,,4,4,2,2,2,3,2,3,2,3,3,3,3,3,white,x,,1,3,4,1
309,1,2,4,4,5,4,4,2,1,4,2,1,4,5,3,4,2,4,4,2,4,4,3,2,2,,5,4,2,2,2,2,2,2,4,1,2,3,3,2,,,Democrat,1,3,4,1
336,1,1,2,3,3,4,4,4,2,4,3,1,4,5,3,4,2,5,4,4,5,3,2,3,1,,5,4,1,2,2,2,2,2,2,2,3,3,3,2,white,male,registered Democrat,1,3,4,1
834,1,2,2,2,3,4,3,4,2,4,4,1,4,3,4,4,2,4,3,4,2,3,4,4,3,,4,3,3,2,3,2,2,3,2,2,3,3,3,2,White,Male,Democrat,4,5,7,1
253,1,2,3,2,4,4,2,3,2,4,4,1,4,4,3,3,2,5,3,5,4,2,2,3,1,,5,4,3,1,4,1,1,4,4,1,4,1,4,1,Hebrew,female,left-leaning centrist,4,4,7,1
201,1,4,4,3,3,4,4,4,3,3,3,1,3,5,3,3,2,4,2,3,2,2,4,2,2,,4,4,2,2,3,2,2,2,3,2,3,2,3,2,South asian and white,Female,Liberal,1,3,4,1
631,1,4,1,2,4,2,2,2,2,4,4,1,4,5,4,4,1,4,5,5,4,1,2,3,4,,5,4,2,3,2,3,2,2,2,2,2,4,3,1,white,nonbinary,none,1,3,4,2
335,1,1,3,1,4,4,4,2,1,2,1,1,5,4,4,4,2,5,5,1,3,5,5,5,1,,4,4,2,3,2,2,2,4,3,2,2,3,2,3,Asian,Female,,1,4,4,4
594,1,2,2,4,4,4,4,4,3,4,2,1,4,4,4,4,1,4,3,4,4,4,4,5,3,I feel like it was missing a question about engagement. ,5,4,2,2,3,2,2,4,2,4,3,4,3,3,Jewish American,Female,Democrat,3,5,7,1
407,1,4,5,4,3,5,2,1,1,5,4,1,2,1,5,5,3,2,2,2,3,2,2,2,1,I think I‚Äôd be interesting to have demographic info included as I‚Äôm sure my age affects how I see things (ie very different from my kids who are college students.),5,4,2,2,3,2,2,3,2,1,4,1,4,1,White - jewish,F,Democrat,3,5,7,1
219,1,3,3,3,3,3,3,3,3,3,3,3,3,3,3,3,2,3,3,3,3,3,4,4,3,,3,3,2,2,3,2,2,2,1,4,3,4,2,3,not white,woman,,1,7,4,2
779,1,4,3,4,5,4,2,4,2,4,4,1,4,4,4,4,5,4,2,4,4,2,4,4,4,,4,3,2,3,2,3,3,3,2,3,3,3,3,3,Asian,male,n/a,1,4,4,4
285,1,4,4,2,4,4,4,3,4,5,2,1,4,4,5,5,3,4,3,2,3,4,5,5,1,,2,4,2,2,2,2,2,3,1,3,3,4,2,3,Asian and White,Male,None,1,3,4,5
527,1,2,3,2,4,4,3,3,2,5,4,1,5,3,3,4,2,4,5,4,5,2,5,5,3,,5,4,1,3,1,4,4,1,4,2,3,3,3,3,Asian,Helicopter,"Somewhere in between democratic and republican, but am republican leaning ",1,3,4,4
493,1,3,2,3,4,4,4,4,4,4,4,1,4,3,4,4,3,4,3,5,2,3,4,4,4,,4,3,3,2,2,2,1,3,2,3,3,3,3,2,White,Male,Democratic ,1,3,7,1
308,1,4,2,2,2,3,5,5,5,5,4,1,5,5,,5,2,4,5,3,5,3,5,,2,,5,2,1,1,3,3,4,3,3,2,2,3,4,2,Afro-indigenous Latino ,Non-binary ,,1,3,4,2
466,1,4,2,3,4,4,2,4,2,5,4,1,3,4,4,4,3,3,3,4,4,2,3,3,1,,4,4,3,2,3,2,2,3,2,3,2,3,3,3,White,Male,Democrat,3,5,7,1
196,1,4,4,4,4,4,3,4,2,4,4,2,4,4,4,3,3,4,3,3,4,4,4,4,3,,4,2,2,2,3,2,2,3,4,1,3,2,3,2,Asian ,Female ,Democratic ,1,3,4,5
378,1,2,4,2,2,4,4,3,4,2,4,1,4,4,3,4,1,4,3,2,4,2,5,5,3,,4,3,3,2,3,2,2,3,4,1,4,2,3,2,Caucasian,Male,Moderate Democrat,1,3,4,1
306,1,3,4,3,4,4,3,4,3,4,4,1,3,3,4,4,3,4,3,4,3,2,4,4,4,,4,1,2,2,3,2,2,3,3,2,3,2,3,3,Asian,Male,Moderate ,1,7,4,2
440,1,3,4,4,4,4,4,4,2,4,4,1,4,4,3,3,2,4,3,4,3,2,4,4,3,,4,3,3,2,3,2,2,3,3,2,3,3,3,2,Caucasian,Female,,1,3,4,2
411,1,2,4,2,2,4,4,3,4,3,3,1,4,5,3,3,2,4,3,2,3,4,4,4,1,,4,3,1,3,2,3,3,2,3,2,2,3,3,3,White,Male,,1,3,7,1
114,1,4,3,4,4,4,5,2,3,4,4,1,4,3,4,4,4,4,4,2,4,4,2,4,4,,4,3,4,3,2,,3,3,2,3,3,3,3,1,,,,,,,
415,1,1,5,2,4,4,4,3,2,4,1,1,4,5,4,3,1,5,4,2,3,4,4,4,2,,4,3,3,2,3,2,2,3,2,3,4,4,3,3,White,Male,Democrat,1,3,7,2
219,1,2,2,2,4,4,4,4,2,4,4,1,4,5,4,4,1,4,2,4,5,2,4,4,2,,5,3,3,2,3,2,2,3,3,2,3,4,3,2,Latino,Male,Left,1,3,4,1
10309,1,2,2,2,1,1,1,5,5,4,4,3,4,3,2,4,2,1,3,1,3,2,5,5,1,,2,2,2,2,3,4,2,2,2,3,4,4,4,3,white,male,pro common sense,1,3,7,2
426,1,1,4,4,3,4,4,3,3,5,4,1,4,3,4,4,3,4,3,2,4,3,3,3,4,,4,3,2,2,2,2,3,2,2,3,3,3,3,3,Russian/Jewish,Male,Lefty ish I guess,1,3,7,1
212,1,4,5,3,2,4,4,3,4,3,4,1,5,5,4,3,2,5,3,4,1,2,5,4,3,,4,,2,3,2,3,2,3,3,3,2,4,2,4,white,,,1,3,4,1
129,1,1,5,4,4,5,5,4,1,5,3,1,2,5,2,4,3,5,4,4,5,1,2,1,2,,5,4,3,2,2,2,2,4,3,1,3,4,4,2,Multiracial,Gender fluid,Christian,1,4,4,1
508,1,2,5,2,3,4,4,4,4,2,2,1,4,5,4,2,1,5,1,1,1,3,4,4,3,,3,2,3,2,3,2,2,2,2,2,4,3,4,3,white,genderqueer,left/Democrat,1,3,4,1
240,1,4,4,4,4,4,4,2,4,4,2,1,4,4,2,2,1,4,4,1,1,3,4,4,4,,5,4,2,2,3,2,2,3,2,3,3,3,3,3,"Chinese, Asian","Genderfluid, nonbinary, gender-nonconforming, female presenting","Democrat, leftist",1,3,4,1
674,1,1,5,2,3,4,5,3,2,3,2,1,2,5,4,2,1,5,5,1,3,2,3,3,4,,5,4,3,2,3,3,3,3,4,1,3,3,4,3,white,non-binary,leftist,1,4,7,1
908,1,2,4,2,3,3,4,3,3,3,2,1,4,3,4,2,2,4,3,3,3,3,5,5,2,,2,1,2,2,2,2,2,2,2,3,2,3,2,3,Asian and White,Male,None,1,3,4,2
214,1,3,2,4,4,4,4,3,1,5,3,1,3,5,4,4,3,3,2,4,3,2,4,3,2,,5,3,2,2,2,2,2,3,3,2,3,3,3,2,Asian and White,Female,Democrate,1,3,4,1
286,1,3,2,4,5,4,3,3,1,4,2,1,3,4,3,4,2,4,3,4,4,3,2,3,3,,4,3,2,3,2,3,2,2,3,2,4,2,4,1,,Female,Democrat,1,3,4,1
472,1,3,4,4,2,4,4,3,3,4,4,1,4,4,2,2,2,4,3,4,3,2,4,4,2,,2,2,2,2,2,2,2,3,4,1,2,3,3,2,White ,Female ,Liberal/democrat ,1,3,7,1
522,1,3,4,4,4,3,4,4,2,4,3,1,3,4,4,4,2,4,4,3,2,4,3,2,2,"Most of these questions I feel as though individual choice or action can be enacted upon, however, I believe there are people and structures in power that ultimately make the final call on sociopolitical issues.",4,4,2,2,3,2,2,3,3,2,3,3,3,2,white,female,democrat,1,3,4,1
325,1,4,2,4,3,4,3,4,3,4,4,1,2,4,4,4,1,2,4,2,2,3,4,4,2,,4,4,2,3,2,3,3,2,3,2,3,4,3,3,Black ,Female,Democrat ,1,3,4,1
341,1,4,3,3,4,4,5,4,2,3,4,1,2,3,4,5,2,4,4,4,4,2,2,4,3,,4,2,3,3,3,2,2,3,2,3,3,3,2,3,Asian,Male,None,1,3,4,4
302,1,4,4,4,5,5,4,4,1,3,3,1,3,5,4,3,3,5,3,5,4,3,2,4,2,,5,3,3,2,2,3,3,2,2,3,2,4,4,3,,,,,,,
229,1,4,4,4,5,5,3,4,2,3,3,1,4,3,4,4,2,5,3,2,5,3,4,4,2,,3,4,2,3,2,3,3,3,2,3,2,2,3,4,Asian,Woman,,1,3,4,5
385,1,4,3,4,5,5,5,5,1,4,3,1,5,3,5,5,3,4,4,3,3,4,2,4,4,,5,4,1,3,1,3,3,2,1,4,2,4,1,4,Asian,Female,Democrat,1,3,4,4
184,1,3,4,3,4,4,4,3,2,3,4,1,3,4,4,4,2,3,3,3,2,2,3,4,3,,4,2,3,2,3,2,3,4,3,2,3,3,3,2,Japanese and Malaysian,Female,,1,3,4,1
382,1,3,3,4,5,5,3,3,2,4,4,1,3,4,3,4,2,4,4,3,4,3,2,3,4,,4,3,2,3,2,3,3,2,3,2,3,2,3,3,Taiwanese,Female,democrat,1,7,4,1
310,1,4,4,4,4,4,4,4,2,4,4,1,4,4,4,4,2,5,4,2,2,2,4,5,2,,4,4,2,3,2,2,3,3,2,3,4,3,4,3,Vietnamese,Female,,1,3,7,1
615,1,2,4,3,4,4,4,2,4,5,2,1,4,4,2,4,2,4,2,5,4,2,4,5,4,,4,4,3,3,2,2,2,3,3,2,2,2,3,3,Asian,Male,Democrat,1,7,4,4
202,1,1,5,1,1,1,5,1,5,1,1,1,5,5,1,1,1,5,5,1,1,5,1,5,1,,3,1,3,2,3,2,3,2,2,3,3,2,2,3,Asian,Male,None,1,3,7,4
44272,1,3,5,2,2,4,5,2,4,4,3,1,5,3,2,4,1,5,5,2,5,3,5,5,2,,4,4,1,2,3,2,3,3,3,3,4,1,4,4,Asian ,Non-binary ,,1,7,4,4
284,1,4,4,2,3,3,4,2,2,3,4,1,4,4,4,4,2,4,4,4,3,4,4,4,4,,3,3,2,3,2,2,2,3,3,2,4,4,2,3,Asian,Female,NoneÔºànot a citizenÔºâ,1,3,4,4
302,1,2,2,2,3,3,4,2,2,4,4,1,3,4,4,2,2,4,4,3,4,2,4,2,2,,4,2,,,,,,,,,,,,,,,,,,,
196,1,2,4,2,3,5,4,4,4,5,4,1,4,4,4,5,1,4,5,3,4,3,4,1,3,,5,4,1,3,3,2,3,2,,,,,,,,,,,,,
221,1,3,2,2,2,4,4,4,4,4,3,1,4,4,3,3,3,5,4,3,2,2,4,4,3,,,,,,,,,,,,,,,,,,,,,,
2672,1,4,3,3,3,3,2,3,3,4,3,1,3,3,4,3,2,3,3,4,4,3,3,4,2,,4,4,2,3,2,3,3,2,3,2,3,2,3,2,,,,,,,